Alimentación;Tiendas
Alimentación;Restaurantes, bares y cafeterías
Alimentación;Productores y distribuidores
Alimentación;Ferias y mercados
Alimentación;Grupos de consumo

Hogar y energía;Arquitectura y bioconstrucción
Hogar y energía;Energía
Hogar y energía;Hogar


Huerto y jardín;Accesorios y herramientas
Huerto y jardín;Alquiler de superficies
Huerto y jardín;Bulbos y semillas
Huerto y jardín;Crecimiento y prevención
Huerto y jardín;Estructuras y sistemas de cultivo
Huerto y jardín;Flores y plantas
Huerto y jardín;Mobiliario y decoración

Transporte;Accesorios y mantenimiento
Transporte;Alquiler verde
Transporte;Compartir
Transporte;Repostaje - Combustible
Transporte;Transporte de mercancías y mensajería
Transporte;Venta de vehículos

Turismo y aventura;Aventura
Turismo y aventura;Hospedaje
Turismo y aventura;Parques y reservas naturales
Turismo y aventura;Rutas y excursiones
Turismo y aventura;Mapas, gúias y redes

Reciclaje;Gestores de residuos y centros de reciclaje
Reciclaje;Recicla en casa
Reciclaje;Productos y materiales reciclados

Salud y Bienestar;Centros de belleza y bienestar
Salud y Bienestar;Cosmética e higiene
Salud y Bienestar;Terapias alternativas
Salud y Bienestar;Medicina natural

Ropa y complementos;Complementos
Ropa y complementos;Ropa