Andorra;Canillo
Andorra;Encamp
Andorra;Ordino
Andorra;La Massana
Andorra;Andorra la Vieja
Andorra;San Julián de Loria
Andorra;Escaldes-Engordany
Argentina;Ciudad Autónoma de Buenos Aires
Argentina;Buenos Aires
Argentina;Catamarca
Argentina;Chaco
Argentina;Chubut
Argentina;Córdoba
Argentina;Corrientes
Argentina;Entre Ríos
Argentina;Formosa
Argentina;Jujuy
Argentina;La Pampa
Argentina;La Rioja
Argentina;Mendoza
Argentina;Misiones
Argentina;Neuquén
Argentina;Río Negro
Argentina;Salta
Argentina;San Juan
Argentina;San Luis
Argentina;Santa Cruz
Argentina;Santa Fe
Argentina;Santiago del Estero
Argentina;Tierra del Fuego
Argentina;Tucumán
Bolivia;Beni
Bolivia;Chuquisaca
Bolivia;Cochabamba
Bolivia;La Paz
Bolivia;Oruro
Bolivia;Pando
Bolivia;Potosí
Bolivia;Santa Cruz
Bolivia;Tarija
Chile;Arica y Parinacota
Chile;Tarapacá
Chile;Antofagasta
Chile;Atacama
Chile;Coquimbo
Chile;Valparaíso
Chile;Metropolitana de Santiago
Chile;Libertador General Bernardo O'Higgins
Chile;Maule
Chile;Biobío
Chile;La Araucanía
Chile;Los Ríos
Chile;Los Lagos
Chile;Aysén del General Carlos Ibáñez del Campo
Chile;Magallanes y Antártica Chilena
Colombia;Amazonas
Colombia;Antioquia
Colombia;Arauca
Colombia;Atlántico
Colombia;Bolívar
Colombia;Boyacá
Colombia;Caldas
Colombia;Caquetá
Colombia;Casanare
Colombia;Cauca
Colombia;Cesar
Colombia;Chocó
Colombia;Córdoba
Colombia;Cundinamarca
Colombia;Guainía
Colombia;Guaviare
Colombia;Huila
Colombia;La Guajira
Colombia;Magdalena
Colombia;Meta
Colombia;Nariño
Colombia;Norte de Santander
Colombia;Putumayo
Colombia;Quindío
Colombia;Risaralda
Colombia;San Andrés y Providencia
Colombia;Santander
Colombia;Sucre
Colombia;Tolima
Colombia;Valle del Cauca
Colombia;Vaupés
Colombia;Vichada
Costa Rica;San José
Costa Rica;Alajuela
Costa Rica;Cartago
Costa Rica;Heredia
Costa Rica;Guanacaste
Costa Rica;Puntarenas
Costa Rica;Limón
Ecuador;Azuay
Ecuador;Bolívar
Ecuador;Cañar
Ecuador;Carchi
Ecuador;Chimborazo
Ecuador;Cotopaxi
Ecuador;El Oro
Ecuador;Esmeraldas
Ecuador;Galápagos
Ecuador;Guayas
Ecuador;Imbabura
Ecuador;Loja
Ecuador;Los Ríos
Ecuador;Manabí
Ecuador;Morona Santiago
Ecuador;Napo
Ecuador;Orellana
Ecuador;Pastaza
Ecuador;Pichincha
Ecuador;Santa Elena
Ecuador;Santo Domingo de los Tsáchilas
Ecuador;Sucumbíos
Ecuador;Tungurahua
Ecuador;Zamora Chinchipe
El Salvador;Ahuachapán
El Salvador;Cabañas
El Salvador;Chalatenango
El Salvador;Cuscatlán
El Salvador;La Libertad
El Salvador;La Paz
El Salvador;La Unión
El Salvador;Morazán
El Salvador;San Miguel
El Salvador;San Salvador
El Salvador;San Vicente
El Salvador;Santa Ana
El Salvador;Sonsonate
El Salvador;Usulután
España;Madrid
España;Barcelona
España;Valencia
España;Alicante
España;Sevilla
España;Málaga
España;Murcia
España;Cádiz
España;Vizcaya
España;La Coruña
España;Islas Baleares
España;Las Palmas
España;Asturias
España;Santa Cruz de Tenerife
España;Zaragoza
España;Pontevedra
España;Granada
España;Tarragona
España;Córdoba
España;Gerona
España;Guipúzcoa
España;Toledo
España;Almería
España;Badajoz
España;Jaén
España;Navarra
España;Castellón
España;Cantabria
España;Valladolid
España;Ciudad Real
España;León
España;Huelva
España;Lérida
España;Cáceres
España;Albacete
España;Burgos
España;Salamanca
España;Lugo
España;Orense
España;La Rioja
España;Álava
España;Guadalajara
España;Huesca
España;Cuenca
España;Zamora
España;Ávila
España;Palencia
España;Segovia
España;Teruel
España;Soria
España;Ceuta
España;Melilla
Gibraltar;Gibraltar
Guatemala;Guatemala
Guatemala;Huehuetenango
Guatemala;Alta Verapaz
Guatemala;San Marcos
Guatemala;El Quiché
Guatemala;Quetzaltenango
Guatemala;Escuintla
Guatemala;Petén
Guatemala;Chimaltenango
Guatemala;Suchitepéquez
Guatemala;Totonicapán
Guatemala;Sololá
Guatemala;Jutiapa
Guatemala;Izabal
Guatemala;Chiquimula
Guatemala;Santa Rosa
Guatemala;Jalapa
Guatemala;Sacatepéquez
Guatemala;Retalhuleu
Guatemala;Baja Verapaz
Guatemala;Zacapa
Guatemala;El Progreso
Honduras;Atlántida
Honduras;Choluteca
Honduras;Colón
Honduras;Comayagua
Honduras;Copán
Honduras;Cortés
Honduras;El Paraíso
Honduras;Francisco Morazán
Honduras;Gracias a Dios
Honduras;Intibucá
Honduras;Islas de la Bahía
Honduras;La Paz
Honduras;Lempira
Honduras;Ocotepeque
Honduras;Olancho
Honduras;Santa Bárbara
Honduras;Valle
Honduras;Yoro
México;Distrito Federal
México;Aguascalientes
México;Baja California
México;Baja California Sur
México;Campeche
México;Chiapas
México;Chihuahua
México;Coahuila de Zaragoza
México;Colima
México;Durango
México;Guanajuato
México;Guerrero
México;Estado de Hidalgo
México;Jalisco
México;Estado de México
México;Michoacán de Ocampo
México;Morelos
México;Nayarit
México;Nuevo León
México;Oaxaca
México;Puebla
México;Querétaro
México;Quintana Roo
México;San Luis Potosí
México;Sinaloa
México;Sonora
México;Tabasco
México;Tamaulipas
México;Tlaxcala
México;Veracruz de Ignacio de la Llave
México;Yucatán
México;Zacatecas
Nicaragua;Atlántico Norte
Nicaragua;Atlántico Sur
Nicaragua;Boaco
Nicaragua;Carazo
Nicaragua;Chinandega
Nicaragua;Chontales
Nicaragua;Estelí
Nicaragua;Granada
Nicaragua;Jinotega
Nicaragua;León
Nicaragua;Madriz
Nicaragua;Managua
Nicaragua;Masaya
Nicaragua;Matagalpa
Nicaragua;Nueva Segovia
Nicaragua;Río San Juan
Nicaragua;Rivas
Panamá;Bocas del Toro
Panamá;Coclé
Panamá;Colón
Panamá;Chiriquí
Panamá;Darién
Panamá;Herrera
Panamá;Los Santos
Panamá;Panamá
Panamá;Veraguas
Panamá;Guna Yala
Panamá;Emberá-Wounaan
Panamá;Ngäbe-Buglé
Paraguay;Central
Paraguay;Alto Paraná
Paraguay;Distrito Capital
Paraguay;Itapúa
Paraguay;Caaguazú
Paraguay;San Pedro
Paraguay;Cordillera
Paraguay;Paraguarí
Paraguay;Concepción
Paraguay;Guairá
Paraguay;Canindeyú
Paraguay;Caazapá
Paraguay;Amambay
Paraguay;Misiones
Paraguay;Presidente Hayes
Paraguay;Ñeembucú
Paraguay;Boquerón
Paraguay;Alto Paraguay
Perú;Amazonas
Perú;Áncash
Perú;Apurímac
Perú;Arequipa
Perú;Ayacucho
Perú;Cajamarca
Perú;Callao
Perú;Cusco
Perú;Huancavelica
Perú;Huánuco
Perú;Ica
Perú;Junín
Perú;La Libertad
Perú;Lambayeque
Perú;Lima
Perú;Loreto
Perú;Madre de Dios
Perú;Moquegua
Perú;Pasco
Perú;Piura
Perú;Puno
Perú;San Martín
Perú;Tacna
Perú;Tumbes
Perú;Ucayali
Puerto Rico;Puerto Rico
República Dominicana;Azua
República Dominicana;Bahoruco
República Dominicana;Barahona
República Dominicana;Dajabón
República Dominicana;Duarte
República Dominicana;Elías Piña
República Dominicana;El Seibo
República Dominicana;Espaillat
República Dominicana;Hato Mayor
República Dominicana;Hermanas Mirabal
República Dominicana;Independencia
República Dominicana;La Altagracia
República Dominicana;La Romana
República Dominicana;La Vega
República Dominicana;María Trinidad Sánchez
República Dominicana;Monseñor Nouel
República Dominicana;Montecristi
República Dominicana;Monte Plata
República Dominicana;Pedernales
República Dominicana;Peravia
República Dominicana;Puerto Plata
República Dominicana;Samaná
República Dominicana;Sánchez Ramírez
República Dominicana;San Cristóbal
República Dominicana;San José de Ocoa
República Dominicana;San Juan
República Dominicana;San Pedro de Macorís
República Dominicana;Santiago
República Dominicana;Santiago Rodríguez
República Dominicana;Provincia Santo Domingo
República Dominicana;Valverde
República Dominicana;Distrito Nacional
Uruguay;Artigas
Uruguay;Canelones
Uruguay;Cerro Largo
Uruguay;Colonia
Uruguay;Durazno
Uruguay;Flores
Uruguay;Florida
Uruguay;Lavalleja
Uruguay;Maldonado
Uruguay;Montevideo
Uruguay;Paysandú
Uruguay;Río Negro
Uruguay;Rivera
Uruguay;Rocha
Uruguay;Salto
Uruguay;San José
Uruguay;Soriano
Uruguay;Tacuarembó
Uruguay;Treinta y Tres
Venezuela;Amazonas
Venezuela;Anzoátegui
Venezuela;Apure
Venezuela;Aragua
Venezuela;Barinas
Venezuela;Bolívar
Venezuela;Carabobo
Venezuela;Cojedes
Venezuela;Delta Amacuro
Venezuela;Dependencias Federales
Venezuela;Distrito Capital
Venezuela;Falcón
Venezuela;Guárico
Venezuela;Lara
Venezuela;Mérida
Venezuela;Miranda
Venezuela;Monagas
Venezuela;Nueva Esparta
Venezuela;Portuguesa
Venezuela;Sucre
Venezuela;Táchira
Venezuela;Trujillo
Venezuela;Vargas
Venezuela;Yaracuy
Venezuela;Zulia